{"cameraMode":{"drawMode":0,"name":"Shaded","section":"Shading Mode"},"sceneLighting":false,"audioPlay":false,"sceneViewState":{"m_AlwaysRefresh":false,"showFog":true,"showSkybox":false,"showFlares":true,"showImageEffects":true,"showParticleSystems":true,"showVisualEffectGraphs":true,"m_FxEnabled":true},"in2DMode":false,"pivot":{"x":-2.1620564460754396,"y":0.6760914921760559,"z":23.688230514526368},"rotation":{"x":-0.012574253603816033,"y":-0.06831356137990952,"z":-0.0008492600754834712,"w":0.9976204037666321},"size":17.452777862548829,"orthographic":false}