{"cameraMode":{"drawMode":0,"name":"Shaded","section":"Shading Mode"},"sceneLighting":false,"audioPlay":false,"sceneViewState":{"m_AlwaysRefresh":false,"showFog":true,"showSkybox":false,"showFlares":true,"showImageEffects":true,"showParticleSystems":true,"showVisualEffectGraphs":true,"m_FxEnabled":true},"in2DMode":false,"pivot":{"x":1.1376434564590455,"y":1.4238219261169434,"z":3.144590139389038},"rotation":{"x":-0.0017276117578148842,"y":0.9980632066726685,"z":-0.054258473217487338,"w":-0.0314641036093235},"size":3.6927402019500734,"orthographic":false}